"c4.2xlarge",0.454,"8","15 GiB","Linux","EBS only","High"
"c4.2xlarge",0.822,"8","15 GiB","Windows","EBS only","High"
"c4.4xlarge",0.907,"16","30 GiB","Linux","EBS only","High"
"c4.4xlarge",1.643,"16","30 GiB","Windows","EBS only","High"
"c4.8xlarge",1.815,"36","60 GiB","Linux","EBS only","10 Gigabit"
"c4.8xlarge",3.471,"36","60 GiB","Windows","EBS only","10 Gigabit"
"c4.large",0.114,"2","3.75 GiB","Linux","EBS only","Moderate"
"c4.large",0.206,"2","3.75 GiB","Windows","EBS only","Moderate"
"c4.xlarge",0.227,"4","7.5 GiB","Linux","EBS only","High"
"c4.xlarge",0.411,"4","7.5 GiB","Windows","EBS only","High"
"c5.12xlarge",2.304,"48","96 GiB","Linux","EBS only","12 Gigabit"
"c5.12xlarge",4.512,"48","96 GiB","Windows","EBS only","12 Gigabit"
"c5.18xlarge",3.456,"72","144 GiB","Linux","EBS only","25 Gigabit"
"c5.18xlarge",6.768,"72","144 GiB","Windows","EBS only","25 Gigabit"
"c5.24xlarge",4.608,"96","192 GiB","Linux","EBS only","25 Gigabit"
"c5.24xlarge",9.024,"96","192 GiB","Windows","EBS only","25 Gigabit"
"c5.2xlarge",0.384,"8","16 GiB","Linux","EBS only","Up to 10 Gigabit"
"c5.2xlarge",0.752,"8","16 GiB","Windows","EBS only","Up to 10 Gigabit"
"c5.4xlarge",0.768,"16","32 GiB","Linux","EBS only","Up to 10 Gigabit"
"c5.4xlarge",1.504,"16","32 GiB","Windows","EBS only","Up to 10 Gigabit"
"c5.9xlarge",1.728,"36","72 GiB","Linux","EBS only","10 Gigabit"
"c5.9xlarge",3.384,"36","72 GiB","Windows","EBS only","10 Gigabit"
"c5.large",0.096,"2","4 GiB","Linux","EBS only","Up to 10 Gigabit"
"c5.large",0.188,"2","4 GiB","Windows","EBS only","Up to 10 Gigabit"
"c5.metal",4.608,"96","192 GiB","Linux","EBS only","25 Gigabit"
"c5.metal",9.024,"96","192 GiB","Windows","EBS only","25 Gigabit"
"c5.xlarge",0.192,"4","8 GiB","Linux","EBS only","Up to 10 Gigabit"
"c5.xlarge",0.376,"4","8 GiB","Windows","EBS only","Up to 10 Gigabit"
"c5a.12xlarge",2.064,"48","96 GiB","Linux","EBS only","12 Gigabit"
"c5a.12xlarge",4.272,"48","96 GiB","Windows","EBS only","12 Gigabit"
"c5a.16xlarge",2.752,"64","128 GiB","Linux","EBS only","20 Gigabit"
"c5a.16xlarge",5.696,"64","128 GiB","Windows","EBS only","20 Gigabit"
"c5a.24xlarge",4.128,"96","192 GiB","Linux","EBS only","20 Gigabit"
"c5a.24xlarge",8.544,"96","192 GiB","Windows","EBS only","20 Gigabit"
"c5a.2xlarge",0.344,"8","16 GiB","Linux","EBS only","Up to 10 Gigabit"
"c5a.2xlarge",0.712,"8","16 GiB","Windows","EBS only","Up to 10 Gigabit"
"c5a.4xlarge",0.688,"16","32 GiB","Linux","EBS only","Up to 10 Gigabit"
"c5a.4xlarge",1.424,"16","32 GiB","Windows","EBS only","Up to 10 Gigabit"
"c5a.8xlarge",1.376,"32","64 GiB","Linux","EBS only","10 Gigabit"
"c5a.8xlarge",2.848,"32","64 GiB","Windows","EBS only","10 Gigabit"
"c5a.large",0.086,"2","4 GiB","Linux","EBS only","Up to 10 Gigabit"
"c5a.large",0.178,"2","4 GiB","Windows","EBS only","Up to 10 Gigabit"
"c5a.xlarge",0.172,"4","8 GiB","Linux","EBS only","Up to 10 Gigabit"
"c5a.xlarge",0.356,"4","8 GiB","Windows","EBS only","Up to 10 Gigabit"
"c5d.12xlarge",2.64,"48","96 GiB","Linux","2 x 900 NVMe SSD","12 Gigabit"
"c5d.12xlarge",4.848,"48","96 GiB","Windows","2 x 900 NVMe SSD","12 Gigabit"
"c5d.18xlarge",3.96,"72","144 GiB","Linux","2 x 900 NVMe SSD","25 Gigabit"
"c5d.18xlarge",7.272,"72","144 GiB","Windows","2 x 900 NVMe SSD","25 Gigabit"
"c5d.24xlarge",5.28,"96","192 GiB","Linux","4 x 900 NVMe SSD","25 Gigabit"
"c5d.24xlarge",9.696,"96","192 GiB","Windows","4 x 900 NVMe SSD","25 Gigabit"
"c5d.2xlarge",0.44,"8","16 GiB","Linux","1 x 200 NVMe SSD","Up to 10 Gigabit"
"c5d.2xlarge",0.808,"8","16 GiB","Windows","1 x 200 NVMe SSD","Up to 10 Gigabit"
"c5d.4xlarge",0.88,"16","32 GiB","Linux","1 x 400 NVMe SSD","Up to 10 Gigabit"
"c5d.4xlarge",1.616,"16","32 GiB","Windows","1 x 400 NVMe SSD","Up to 10 Gigabit"
"c5d.9xlarge",1.98,"36","72 GiB","Linux","1 x 900 NVMe SSD","10 Gigabit"
"c5d.9xlarge",3.636,"36","72 GiB","Windows","1 x 900 NVMe SSD","10 Gigabit"
"c5d.large",0.11,"2","4 GiB","Linux","1 x 50 NVMe SSD","Up to 10 Gigabit"
"c5d.large",0.202,"2","4 GiB","Windows","1 x 50 NVMe SSD","Up to 10 Gigabit"
"c5d.metal",5.28,"96","192 GiB","Linux","4 x 900 NVMe SSD","25 Gigabit"
"c5d.metal",9.696,"96","192 GiB","Windows","4 x 900 NVMe SSD","25 Gigabit"
"c5d.xlarge",0.22,"4","8 GiB","Linux","1 x 100 NVMe SSD","Up to 10 Gigabit"
"c5d.xlarge",0.404,"4","8 GiB","Windows","1 x 100 NVMe SSD","Up to 10 Gigabit"
"c5n.18xlarge",4.392,"72","192 GiB","Linux","EBS only","100 Gigabit"
"c5n.18xlarge",7.704,"72","192 GiB","Windows","EBS only","100 Gigabit"
"c5n.2xlarge",0.488,"8","21 GiB","Linux","EBS only","Up to 25 Gigabit"
"c5n.2xlarge",0.856,"8","21 GiB","Windows","EBS only","Up to 25 Gigabit"
"c5n.4xlarge",0.976,"16","42 GiB","Linux","EBS only","Up to 25 Gigabit"
"c5n.4xlarge",1.712,"16","42 GiB","Windows","EBS only","Up to 25 Gigabit"
"c5n.9xlarge",2.196,"36","96 GiB","Linux","EBS only","50 Gigabit"
"c5n.9xlarge",3.852,"36","96 GiB","Windows","EBS only","50 Gigabit"
"c5n.large",0.122,"2","5.25 GiB","Linux","EBS only","Up to 25 Gigabit"
"c5n.large",0.214,"2","5.25 GiB","Windows","EBS only","Up to 25 Gigabit"
"c5n.metal",4.392,"72","192 GiB","Linux","EBS only","100 Gigabit"
"c5n.metal",7.704,"72","192 GiB","Windows","EBS only","100 Gigabit"
"c5n.xlarge",0.244,"4","10.5 GiB","Linux","EBS only","Up to 25 Gigabit"
"c5n.xlarge",0.428,"4","10.5 GiB","Windows","EBS only","Up to 25 Gigabit"
"c6g.12xlarge",1.848,"48","96 GiB","Linux","EBS only","20 Gigabit"
"c6g.16xlarge",2.464,"64","128 GiB","Linux","EBS only","25 Gigabit"
"c6g.2xlarge",0.308,"8","16 GiB","Linux","EBS only","Up to 10 Gigabit"
"c6g.4xlarge",0.616,"16","32 GiB","Linux","EBS only","Up to 10 Gigabit"
"c6g.8xlarge",1.232,"32","64 GiB","Linux","EBS only","Up to 10 Gigabit"
"c6g.large",0.077,"2","4 GiB","Linux","EBS only","Up to 10 Gigabit"
"c6g.medium",0.0385,"1","2 GiB","Linux","EBS only","Up to 10 Gigabit"
"c6g.metal",2.464,"64","128 GiB","Linux","EBS only","25 Gigabit"
"c6g.xlarge",0.154,"4","8 GiB","Linux","EBS only","Up to 10 Gigabit"
"c6gd.12xlarge",2.112,"48","96 GiB","Linux","2 x 1425 NVMe SSD","20 Gigabit"
"c6gd.16xlarge",2.816,"64","128 GiB","Linux","2 x 1900 NVMe SSD","25 Gigabit"
"c6gd.2xlarge",0.352,"8","16 GiB","Linux","1 x 475 NVMe SSD","Up to 10 Gigabit"
"c6gd.4xlarge",0.704,"16","32 GiB","Linux","1 x 950 NVMe SSD","Up to 10 Gigabit"
"c6gd.8xlarge",1.408,"32","64 GiB","Linux","1 x 1900 NVMe SSD","10 Gigabit"
"c6gd.large",0.088,"2","4 GiB","Linux","1 x 118 NVMe SSD","Up to 10 Gigabit"
"c6gd.medium",0.044,"1","2 GiB","Linux","1 x 59 NVMe SSD","Up to 10 Gigabit"
"c6gd.metal",2.816,"64","128 GiB","Linux","2 x 1900 NVMe SSD","25 Gigabit"
"c6gd.xlarge",0.176,"4","8 GiB","Linux","1 x 237 NVMe SSD","Up to 10 Gigabit"
"c6gn.12xlarge",2.34,"48","96 GiB","Linux","EBS only","75 Gigabit"
"c6gn.16xlarge",3.12,"64","128 GiB","Linux","EBS only","100 Gigabit"
"c6gn.2xlarge",0.39,"8","16 GiB","Linux","EBS only","Up to 25 Gigabit"
"c6gn.4xlarge",0.78,"16","32 GiB","Linux","EBS only","25 Gigabit"
"c6gn.8xlarge",1.56,"32","64 GiB","Linux","EBS only","50 Gigabit"
"c6gn.large",0.0975,"2","4 GiB","Linux","EBS only","Up to 25 Gigabit"
"c6gn.medium",0.04875,"1","2 GiB","Linux","EBS only","Up to 25 Gigabit"
"c6gn.xlarge",0.195,"4","8 GiB","Linux","EBS only","Up to 25 Gigabit"
"c6i.12xlarge",2.304,"48","96 GiB","Linux","EBS only","18750 Megabit"
"c6i.12xlarge",4.512,"48","96 GiB","Windows","EBS only","18750 Megabit"
"c6i.16xlarge",3.072,"64","128 GiB","Linux","EBS only","25000 Megabit"
"c6i.16xlarge",6.016,"64","128 GiB","Windows","EBS only","25000 Megabit"
"c6i.24xlarge",4.608,"96","192 GiB","Linux","EBS only","37500 Megabit"
"c6i.24xlarge",9.024,"96","192 GiB","Windows","EBS only","37500 Megabit"
"c6i.2xlarge",0.384,"8","16 GiB","Linux","EBS only","Up to 12500 Megabit"
"c6i.2xlarge",0.752,"8","16 GiB","Windows","EBS only","Up to 12500 Megabit"
"c6i.32xlarge",6.144,"128","256 GiB","Linux","EBS only","50000 Megabit"
"c6i.32xlarge",12.032,"128","256 GiB","Windows","EBS only","50000 Megabit"
"c6i.4xlarge",0.768,"16","32 GiB","Linux","EBS only","Up to 12500 Megabit"
"c6i.4xlarge",1.504,"16","32 GiB","Windows","EBS only","Up to 12500 Megabit"
"c6i.8xlarge",1.536,"32","64 GiB","Linux","EBS only","12500 Megabit"
"c6i.8xlarge",3.008,"32","64 GiB","Windows","EBS only","12500 Megabit"
"c6i.large",0.096,"2","4 GiB","Linux","EBS only","Up to 12500 Megabit"
"c6i.large",0.188,"2","4 GiB","Windows","EBS only","Up to 12500 Megabit"
"c6i.metal",6.144,"128","256 GiB","Linux","EBS only","50000 Megabit"
"c6i.metal",12.032,"128","256 GiB","Windows","EBS only","50000 Megabit"
"c6i.xlarge",0.192,"4","8 GiB","Linux","EBS only","Up to 12500 Megabit"
"c6i.xlarge",0.376,"4","8 GiB","Windows","EBS only","Up to 12500 Megabit"
"d2.2xlarge",1.688,"8","61 GiB","Linux","6 x 2000 HDD","High"
"d2.2xlarge",2.056,"8","61 GiB","Windows","6 x 2000 HDD","High"
"d2.4xlarge",3.376,"16","122 GiB","Linux","12 x 2000 HDD","High"
"d2.4xlarge",4.112,"16","122 GiB","Windows","12 x 2000 HDD","High"
"d2.8xlarge",6.752,"36","244 GiB","Linux","24 x 2000 HDD","10 Gigabit"
"d2.8xlarge",8.408,"36","244 GiB","Windows","24 x 2000 HDD","10 Gigabit"
"d2.xlarge",0.844,"4","30.5 GiB","Linux","3 x 2000 HDD","Moderate"
"d2.xlarge",1.028,"4","30.5 GiB","Windows","3 x 2000 HDD","Moderate"
"g3.16xlarge",5.68,"64","488 GiB","Linux","EBS only","20 Gigabit"
"g3.16xlarge",8.624,"64","488 GiB","Windows","EBS only","20 Gigabit"
"g3.4xlarge",1.42,"16","122 GiB","Linux","EBS only","Up to 10 Gigabit"
"g3.4xlarge",2.156,"16","122 GiB","Windows","EBS only","Up to 10 Gigabit"
"g3.8xlarge",2.84,"32","244 GiB","Linux","EBS only","10 Gigabit"
"g3.8xlarge",4.312,"32","244 GiB","Windows","EBS only","10 Gigabit"
"g3s.xlarge",0.934,"4","30.5 GiB","Linux","EBS only","10 Gigabit"
"g3s.xlarge",1.118,"4","30.5 GiB","Windows","EBS only","10 Gigabit"
"g4dn.12xlarge",4.812,"48","192 GiB","Linux","900 GB NVMe SSD","50 Gigabit"
"g4dn.12xlarge",7.02,"48","192 GiB","Windows","900 GB NVMe SSD","50 Gigabit"
"g4dn.16xlarge",5.353,"64","256 GiB","Linux","900 GB NVMe SSD","50 Gigabit"
"g4dn.16xlarge",8.297,"64","256 GiB","Windows","900 GB NVMe SSD","50 Gigabit"
"g4dn.2xlarge",0.925,"8","32 GiB","Linux","225 GB NVMe SSD","Up to 25 Gigabit"
"g4dn.2xlarge",1.293,"8","32 GiB","Windows","225 GB NVMe SSD","Up to 25 Gigabit"
"g4dn.4xlarge",1.481,"16","64 GiB","Linux","225 GB NVMe SSD","Up to 25 Gigabit"
"g4dn.4xlarge",2.217,"16","64 GiB","Windows","225 GB NVMe SSD","Up to 25 Gigabit"
"g4dn.8xlarge",2.677,"32","128 GiB","Linux","900 GB NVMe SSD","50 Gigabit"
"g4dn.8xlarge",4.149,"32","128 GiB","Windows","900 GB NVMe SSD","50 Gigabit"
"g4dn.metal",9.624,"96","384 GiB","Linux","2 x 900 GB NVMe SSD","100 Gigabit"
"g4dn.metal",14.04,"96","384 GiB","Windows","2 x 900 GB NVMe SSD","100 Gigabit"
"g4dn.xlarge",0.647,"4","16 GiB","Linux","125 GB NVMe SSD","Up to 25 Gigabit"
"g4dn.xlarge",0.831,"4","16 GiB","Windows","125 GB NVMe SSD","Up to 25 Gigabit"
"g5g.16xlarge",3.3752,"64","128 GiB","Linux","EBS only","25 Gigabit"
"g5g.2xlarge",0.6839,"8","16 GiB","Linux","EBS only","Up to 10 Gigabit"
"g5g.4xlarge",1.0185,"16","32 GiB","Linux","EBS only","Up to 10 Gigabit"
"g5g.8xlarge",1.6876,"32","64 GiB","Linux","EBS only","Up to 12 Gigabit"
"g5g.metal",3.3752,"64","128 GiB","Linux","EBS only","25 Gigabit"
"g5g.xlarge",0.5166,"4","8 GiB","Linux","EBS only","Up to 10 Gigabit"
"i3.16xlarge",5.856,"64","488 GiB","Linux","8 x 1900 NVMe SSD","20 Gigabit"
"i3.16xlarge",8.8,"64","488 GiB","Windows","8 x 1900 NVMe SSD","20 Gigabit"
"i3.2xlarge",0.732,"8","61 GiB","Linux","1 x 1900 NVMe SSD","Up to 10 Gigabit"
"i3.2xlarge",1.1,"8","61 GiB","Windows","1 x 1900 NVMe SSD","Up to 10 Gigabit"
"i3.4xlarge",1.464,"16","122 GiB","Linux","2 x 1900 NVMe SSD","Up to 10 Gigabit"
"i3.4xlarge",2.2,"16","122 GiB","Windows","2 x 1900 NVMe SSD","Up to 10 Gigabit"
"i3.8xlarge",2.928,"32","244 GiB","Linux","4 x 1900 NVMe SSD","10 Gigabit"
"i3.8xlarge",4.4,"32","244 GiB","Windows","4 x 1900 NVMe SSD","10 Gigabit"
"i3.large",0.183,"2","15.25 GiB","Linux","1 x 475 NVMe SSD","Up to 10 Gigabit"
"i3.large",0.275,"2","15.25 GiB","Windows","1 x 475 NVMe SSD","Up to 10 Gigabit"
"i3.metal",5.856,"72","512 GiB","Linux","8 x 1900 NVMe SSD","25 Gigabit"
"i3.metal",8.8,"72","512 GiB","Windows","8 x 1900 NVMe SSD","25 Gigabit"
"i3.xlarge",0.366,"4","30.5 GiB","Linux","1 x 950 NVMe SSD","Up to 10 Gigabit"
"i3.xlarge",0.55,"4","30.5 GiB","Windows","1 x 950 NVMe SSD","Up to 10 Gigabit"
"i3en.12xlarge",6.384,"48","384 GiB","Linux","4 x 7500 NVMe SSD","50 Gigabit"
"i3en.12xlarge",8.592,"48","384 GiB","Windows","4 x 7500 NVMe SSD","50 Gigabit"
"i3en.24xlarge",12.768,"96","768 GiB","Linux","8 x 7500 NVMe SSD","100 Gigabit"
"i3en.24xlarge",17.184,"96","768 GiB","Windows","8 x 7500 NVMe SSD","100 Gigabit"
"i3en.2xlarge",1.064,"8","64 GiB","Linux","2 x 2500 NVMe SSD","Up to 25 Gigabit"
"i3en.2xlarge",1.432,"8","64 GiB","Windows","2 x 2500 NVMe SSD","Up to 25 Gigabit"
"i3en.3xlarge",1.596,"12","96 GiB","Linux","1 x 7500 NVMe SSD","Up to 25 Gigabit"
"i3en.3xlarge",2.148,"12","96 GiB","Windows","1 x 7500 NVMe SSD","Up to 25 Gigabit"
"i3en.6xlarge",3.192,"24","192 GiB","Linux","2 x 7500 NVMe SSD","25 Gigabit"
"i3en.6xlarge",4.296,"24","192 GiB","Windows","2 x 7500 NVMe SSD","25 Gigabit"
"i3en.large",0.266,"2","16 GiB","Linux","1 x 1250 NVMe SSD","Up to 25 Gigabit"
"i3en.large",0.358,"2","16 GiB","Windows","1 x 1250 NVMe SSD","Up to 25 Gigabit"
"i3en.metal",12.768,"96","768 GiB","Linux","8 x 7500 NVMe SSD","100 Gigabit"
"i3en.metal",17.184,"96","768 GiB","Windows","8 x 7500 NVMe SSD","100 Gigabit"
"i3en.xlarge",0.532,"4","32 GiB","Linux","1 x 2500 NVMe SSD","Up to 25 Gigabit"
"i3en.xlarge",0.716,"4","32 GiB","Windows","1 x 2500 NVMe SSD","Up to 25 Gigabit"
"inf1.24xlarge",5.812,"96","192 GiB","Linux","EBS only","100 Gigabit"
"inf1.2xlarge",0.446,"8","16 GiB","Linux","EBS only","Up to 25 Gigabit"
"inf1.6xlarge",1.453,"24","48 GiB","Linux","EBS only","25 Gigabit"
"inf1.xlarge",0.281,"4","8 GiB","Linux","EBS only","Up to 25 Gigabit"
"m4.10xlarge",2.46,"40","160 GiB","Linux","EBS only","10 Gigabit"
"m4.10xlarge",4.3,"40","160 GiB","Windows","EBS only","10 Gigabit"
"m4.16xlarge",3.936,"64","256 GiB","Linux","EBS only","20 Gigabit"
"m4.16xlarge",6.88,"64","256 GiB","Windows","EBS only","20 Gigabit"
"m4.2xlarge",0.492,"8","32 GiB","Linux","EBS only","High"
"m4.2xlarge",0.86,"8","32 GiB","Windows","EBS only","High"
"m4.4xlarge",0.984,"16","64 GiB","Linux","EBS only","High"
"m4.4xlarge",1.72,"16","64 GiB","Windows","EBS only","High"
"m4.large",0.123,"2","8 GiB","Linux","EBS only","Moderate"
"m4.large",0.215,"2","8 GiB","Windows","EBS only","Moderate"
"m4.xlarge",0.246,"4","16 GiB","Linux","EBS only","High"
"m4.xlarge",0.43,"4","16 GiB","Windows","EBS only","High"
"m5.12xlarge",2.832,"48","192 GiB","Linux","EBS only","10 Gigabit"
"m5.12xlarge",5.04,"48","192 GiB","Windows","EBS only","10 Gigabit"
"m5.16xlarge",3.776,"64","256 GiB","Linux","EBS only","20 Gigabit"
"m5.16xlarge",6.72,"64","256 GiB","Windows","EBS only","20 Gigabit"
"m5.24xlarge",5.664,"96","384 GiB","Linux","EBS only","25 Gigabit"
"m5.24xlarge",10.08,"96","384 GiB","Windows","EBS only","25 Gigabit"
"m5.2xlarge",0.472,"8","32 GiB","Linux","EBS only","Up to 10 Gigabit"
"m5.2xlarge",0.84,"8","32 GiB","Windows","EBS only","Up to 10 Gigabit"
"m5.4xlarge",0.944,"16","64 GiB","Linux","EBS only","Up to 10 Gigabit"
"m5.4xlarge",1.68,"16","64 GiB","Windows","EBS only","Up to 10 Gigabit"
"m5.8xlarge",1.888,"32","128 GiB","Linux","EBS only","10 Gigabit"
"m5.8xlarge",3.36,"32","128 GiB","Windows","EBS only","10 Gigabit"
"m5.large",0.118,"2","8 GiB","Linux","EBS only","Up to 10 Gigabit"
"m5.large",0.21,"2","8 GiB","Windows","EBS only","Up to 10 Gigabit"
"m5.metal",5.664,"96","384 GiB","Linux","EBS only","25 Gigabit"
"m5.metal",10.08,"96","384 GiB","Windows","EBS only","25 Gigabit"
"m5.xlarge",0.236,"4","16 GiB","Linux","EBS only","Up to 10 Gigabit"
"m5.xlarge",0.42,"4","16 GiB","Windows","EBS only","Up to 10 Gigabit"
"m5a.12xlarge",2.544,"48","192 GiB","Linux","EBS only","10 Gigabit"
"m5a.12xlarge",4.752,"48","192 GiB","Windows","EBS only","10 Gigabit"
"m5a.16xlarge",3.392,"64","256 GiB","Linux","EBS only","12 Gigabit"
"m5a.16xlarge",6.336,"64","256 GiB","Windows","EBS only","12 Gigabit"
"m5a.24xlarge",5.088,"96","384 GiB","Linux","EBS only","20 Gigabit"
"m5a.24xlarge",9.504,"96","384 GiB","Windows","EBS only","20 Gigabit"
"m5a.2xlarge",0.424,"8","32 GiB","Linux","EBS only","Up to 10 Gigabit"
"m5a.2xlarge",0.792,"8","32 GiB","Windows","EBS only","Up to 10 Gigabit"
"m5a.4xlarge",0.848,"16","64 GiB","Linux","EBS only","Up to 10 Gigabit"
"m5a.4xlarge",1.584,"16","64 GiB","Windows","EBS only","Up to 10 Gigabit"
"m5a.8xlarge",1.696,"32","128 GiB","Linux","EBS only","Up to 10 Gigabit"
"m5a.8xlarge",3.168,"32","128 GiB","Windows","EBS only","Up to 10 Gigabit"
"m5a.large",0.106,"2","8 GiB","Linux","EBS only","Up to 10 Gigabit"
"m5a.large",0.198,"2","8 GiB","Windows","EBS only","Up to 10 Gigabit"
"m5a.xlarge",0.212,"4","16 GiB","Linux","EBS only","Up to 10 Gigabit"
"m5a.xlarge",0.396,"4","16 GiB","Windows","EBS only","Up to 10 Gigabit"
"m5ad.12xlarge",3.048,"48","192 GiB","Linux","2 x 900 NVMe SSD","10 Gigabit"
"m5ad.12xlarge",5.256,"48","192 GiB","Windows","2 x 900 NVMe SSD","10 Gigabit"
"m5ad.16xlarge",4.064,"64","256 GiB","Linux","4 x 600 NVMe SSD","12 Gigabit"
"m5ad.16xlarge",7.008,"64","256 GiB","Windows","4 x 600 NVMe SSD","12 Gigabit"
"m5ad.24xlarge",6.096,"96","384 GiB","Linux","4 x 900 NVMe SSD","20 Gigabit"
"m5ad.24xlarge",10.512,"96","384 GiB","Windows","4 x 900 NVMe SSD","20 Gigabit"
"m5ad.2xlarge",0.508,"8","32 GiB","Linux","1 x 300 NVMe SSD","Up to 10 Gigabit"
"m5ad.2xlarge",0.876,"8","32 GiB","Windows","1 x 300 NVMe SSD","Up to 10 Gigabit"
"m5ad.4xlarge",1.016,"16","64 GiB","Linux","2 x 300 NVMe SSD","Up to 10 Gigabit"
"m5ad.4xlarge",1.752,"16","64 GiB","Windows","2 x 300 NVMe SSD","Up to 10 Gigabit"
"m5ad.8xlarge",2.032,"32","128 GiB","Linux","2 x 600 NVMe SSD","Up to 10 Gigabit"
"m5ad.8xlarge",3.504,"32","128 GiB","Windows","2 x 600 NVMe SSD","Up to 10 Gigabit"
"m5ad.large",0.127,"2","8 GiB","Linux","1 x 75 NVMe SSD","Up to 10 Gigabit"
"m5ad.large",0.219,"2","8 GiB","Windows","1 x 75 NVMe SSD","Up to 10 Gigabit"
"m5ad.xlarge",0.254,"4","16 GiB","Linux","1 x 150 NVMe SSD","Up to 10 Gigabit"
"m5ad.xlarge",0.438,"4","16 GiB","Windows","1 x 150 NVMe SSD","Up to 10 Gigabit"
"m5d.12xlarge",3.336,"48","192 GiB","Linux","2 x 900 NVMe SSD","10 Gigabit"
"m5d.12xlarge",5.544,"48","192 GiB","Windows","2 x 900 NVMe SSD","10 Gigabit"
"m5d.16xlarge",4.448,"64","256 GiB","Linux","4 x 600 NVMe SSD","20 Gigabit"
"m5d.16xlarge",7.392,"64","256 GiB","Windows","4 x 600 NVMe SSD","20 Gigabit"
"m5d.24xlarge",6.672,"96","384 GiB","Linux","4 x 900 NVMe SSD","25 Gigabit"
"m5d.24xlarge",11.088,"96","384 GiB","Windows","4 x 900 NVMe SSD","25 Gigabit"
"m5d.2xlarge",0.556,"8","32 GiB","Linux","1 x 300 NVMe SSD","Up to 10 Gigabit"
"m5d.2xlarge",0.924,"8","32 GiB","Windows","1 x 300 NVMe SSD","Up to 10 Gigabit"
"m5d.4xlarge",1.112,"16","64 GiB","Linux","2 x 300 NVMe SSD","Up to 10 Gigabit"
"m5d.4xlarge",1.848,"16","64 GiB","Windows","2 x 300 NVMe SSD","Up to 10 Gigabit"
"m5d.8xlarge",2.224,"32","128 GiB","Linux","2 x 600 NVMe SSD","10 Gigabit"
"m5d.8xlarge",3.696,"32","128 GiB","Windows","2 x 600 NVMe SSD","10 Gigabit"
"m5d.large",0.139,"2","8 GiB","Linux","1 x 75 NVMe SSD","Up to 10 Gigabit"
"m5d.large",0.231,"2","8 GiB","Windows","1 x 75 NVMe SSD","Up to 10 Gigabit"
"m5d.metal",6.672,"96","384 GiB","Linux","4 x 900 NVMe SSD","25 Gigabit"
"m5d.metal",11.088,"96","384 GiB","Windows","4 x 900 NVMe SSD","25 Gigabit"
"m5d.xlarge",0.278,"4","16 GiB","Linux","1 x 150 NVMe SSD","Up to 10 Gigabit"
"m5d.xlarge",0.462,"4","16 GiB","Windows","1 x 150 NVMe SSD","Up to 10 Gigabit"
"m5zn.12xlarge",4.872,"48","192 GiB","Linux","EBS only","100 Gigabit"
"m5zn.12xlarge",7.08,"48","192 GiB","Windows","EBS only","100 Gigabit"
"m5zn.2xlarge",0.812,"8","32 GiB","Linux","EBS only","Up to 25 Gigabit"
"m5zn.2xlarge",1.18,"8","32 GiB","Windows","EBS only","Up to 25 Gigabit"
"m5zn.3xlarge",1.218,"12","48 GiB","Linux","EBS only","Up to 25 Gigabit"
"m5zn.3xlarge",1.77,"12","48 GiB","Windows","EBS only","Up to 25 Gigabit"
"m5zn.6xlarge",2.436,"24","96 GiB","Linux","EBS only","50 Gigabit"
"m5zn.6xlarge",3.54,"24","96 GiB","Windows","EBS only","50 Gigabit"
"m5zn.large",0.203,"2","8 GiB","Linux","EBS only","Up to 25 Gigabit"
"m5zn.large",0.295,"2","8 GiB","Windows","EBS only","Up to 25 Gigabit"
"m5zn.metal",4.872,"48","192 GiB","Linux","EBS only","100 Gigabit"
"m5zn.metal",7.08,"48","192 GiB","Windows","EBS only","100 Gigabit"
"m5zn.xlarge",0.406,"4","16 GiB","Linux","EBS only","Up to 25 Gigabit"
"m5zn.xlarge",0.59,"4","16 GiB","Windows","EBS only","Up to 25 Gigabit"
"m6g.12xlarge",2.256,"48","192 GiB","Linux","EBS only","12 Gigabit"
"m6g.16xlarge",3.008,"64","256 GiB","Linux","EBS only","25 Gigabit"
"m6g.2xlarge",0.376,"8","32 GiB","Linux","EBS only","Up to 10 Gigabit"
"m6g.4xlarge",0.752,"16","64 GiB","Linux","EBS only","Up to 10 Gigabit"
"m6g.8xlarge",1.504,"32","128 GiB","Linux","EBS only","10 Gigabit"
"m6g.large",0.094,"2","8 GiB","Linux","EBS only","Up to 10 Gigabit"
"m6g.medium",0.047,"1","4 GiB","Linux","EBS only","Up to 10 Gigabit"
"m6g.metal",3.008,"64","256 GiB","Linux","EBS only","25 Gigabit"
"m6g.xlarge",0.188,"4","16 GiB","Linux","EBS only","Up to 10 Gigabit"
"m6i.12xlarge",2.832,"48","192 GiB","Linux","EBS only","18750 Megabit"
"m6i.12xlarge",5.04,"48","192 GiB","Windows","EBS only","18750 Megabit"
"m6i.16xlarge",3.776,"64","256 GiB","Linux","EBS only","25000 Megabit"
"m6i.16xlarge",6.72,"64","256 GiB","Windows","EBS only","25000 Megabit"
"m6i.24xlarge",5.664,"96","384 GiB","Linux","EBS only","37500 Megabit"
"m6i.24xlarge",10.08,"96","384 GiB","Windows","EBS only","37500 Megabit"
"m6i.2xlarge",0.472,"8","32 GiB","Linux","EBS only","Up to 12500 Megabit"
"m6i.2xlarge",0.84,"8","32 GiB","Windows","EBS only","Up to 12500 Megabit"
"m6i.32xlarge",7.552,"128","512 GiB","Linux","EBS only","50000 Megabit"
"m6i.32xlarge",13.44,"128","512 GiB","Windows","EBS only","50000 Megabit"
"m6i.4xlarge",0.944,"16","64 GiB","Linux","EBS only","Up to 12500 Megabit"
"m6i.4xlarge",1.68,"16","64 GiB","Windows","EBS only","Up to 12500 Megabit"
"m6i.8xlarge",1.888,"32","128 GiB","Linux","EBS only","12500 Megabit"
"m6i.8xlarge",3.36,"32","128 GiB","Windows","EBS only","12500 Megabit"
"m6i.large",0.118,"2","8 GiB","Linux","EBS only","Up to 12500 Megabit"
"m6i.large",0.21,"2","8 GiB","Windows","EBS only","Up to 12500 Megabit"
"m6i.metal",7.552,"128","512 GiB","Linux","EBS only","50000 Megabit"
"m6i.metal",13.44,"128","512 GiB","Windows","EBS only","50000 Megabit"
"m6i.xlarge",0.236,"4","16 GiB","Linux","EBS only","Up to 12500 Megabit"
"m6i.xlarge",0.42,"4","16 GiB","Windows","EBS only","Up to 12500 Megabit"
"p2.16xlarge",23.44,"64","732 GiB","Linux","EBS only","20 Gigabit"
"p2.16xlarge",26.384,"64","732 GiB","Windows","EBS only","20 Gigabit"
"p2.8xlarge",11.72,"32","488 GiB","Linux","EBS only","10 Gigabit"
"p2.8xlarge",13.192,"32","488 GiB","Windows","EBS only","10 Gigabit"
"p2.xlarge",1.465,"4","61 GiB","Linux","EBS only","High"
"p2.xlarge",1.649,"4","61 GiB","Windows","EBS only","High"
"p3.16xlarge",33.872,"64","488 GiB","Linux","EBS only","25 Gigabit"
"p3.16xlarge",36.816,"64","488 GiB","Windows","EBS only","25 Gigabit"
"p3.2xlarge",4.234,"8","61 GiB","Linux","EBS only","Up to 10 Gigabit"
"p3.2xlarge",4.602,"8","61 GiB","Windows","EBS only","Up to 10 Gigabit"
"p3.8xlarge",16.936,"32","244 GiB","Linux","EBS only","10 Gigabit"
"p3.8xlarge",18.408,"32","244 GiB","Windows","EBS only","10 Gigabit"
"p4d.24xlarge",45.38848,"96","1152 GiB","Linux","8 x 1000 SSD","400 Gigabit"
"r4.16xlarge",5.12,"64","488 GiB","Linux","EBS only","20 Gigabit"
"r4.16xlarge",8.064,"64","488 GiB","Windows","EBS only","20 Gigabit"
"r4.2xlarge",0.64,"8","61 GiB","Linux","EBS only","Up to 10 Gigabit"
"r4.2xlarge",1.008,"8","61 GiB","Windows","EBS only","Up to 10 Gigabit"
"r4.4xlarge",1.28,"16","122 GiB","Linux","EBS only","Up to 10 Gigabit"
"r4.4xlarge",2.016,"16","122 GiB","Windows","EBS only","Up to 10 Gigabit"
"r4.8xlarge",2.56,"32","244 GiB","Linux","EBS only","10 Gigabit"
"r4.8xlarge",4.032,"32","244 GiB","Windows","EBS only","10 Gigabit"
"r4.large",0.16,"2","15.25 GiB","Linux","EBS only","Up to 10 Gigabit"
"r4.large",0.252,"2","15.25 GiB","Windows","EBS only","Up to 10 Gigabit"
"r4.xlarge",0.32,"4","30.5 GiB","Linux","EBS only","Up to 10 Gigabit"
"r4.xlarge",0.504,"4","30.5 GiB","Windows","EBS only","Up to 10 Gigabit"
"r5.12xlarge",3.648,"48","384 GiB","Linux","EBS only","10 Gigabit"
"r5.12xlarge",5.856,"48","384 GiB","Windows","EBS only","10 Gigabit"
"r5.16xlarge",4.864,"64","512 GiB","Linux","EBS only","20 Gigabit"
"r5.16xlarge",7.808,"64","512 GiB","Windows","EBS only","20 Gigabit"
"r5.24xlarge",7.296,"96","768 GiB","Linux","EBS only","25 Gigabit"
"r5.24xlarge",11.712,"96","768 GiB","Windows","EBS only","25 Gigabit"
"r5.2xlarge",0.608,"8","64 GiB","Linux","EBS only","Up to 10 Gigabit"
"r5.2xlarge",0.976,"8","64 GiB","Windows","EBS only","Up to 10 Gigabit"
"r5.4xlarge",1.216,"16","128 GiB","Linux","EBS only","Up to 10 Gigabit"
"r5.4xlarge",1.952,"16","128 GiB","Windows","EBS only","Up to 10 Gigabit"
"r5.8xlarge",2.432,"32","256 GiB","Linux","EBS only","10 Gigabit"
"r5.8xlarge",3.904,"32","256 GiB","Windows","EBS only","10 Gigabit"
"r5.large",0.152,"2","16 GiB","Linux","EBS only","Up to 10 Gigabit"
"r5.large",0.244,"2","16 GiB","Windows","EBS only","Up to 10 Gigabit"
"r5.metal",7.296,"96","768 GiB","Linux","EBS only","25 Gigabit"
"r5.metal",11.712,"96","768 GiB","Windows","EBS only","25 Gigabit"
"r5.xlarge",0.304,"4","32 GiB","Linux","EBS only","Up to 10 Gigabit"
"r5.xlarge",0.488,"4","32 GiB","Windows","EBS only","Up to 10 Gigabit"
"r5a.12xlarge",3.264,"48","384 GiB","Linux","EBS only","10 Gigabit"
"r5a.12xlarge",5.472,"48","384 GiB","Windows","EBS only","10 Gigabit"
"r5a.16xlarge",4.352,"64","512 GiB","Linux","EBS only","12 Gigabit"
"r5a.16xlarge",7.296,"64","512 GiB","Windows","EBS only","12 Gigabit"
"r5a.24xlarge",6.528,"96","768 GiB","Linux","EBS only","20 Gigabit"
"r5a.24xlarge",10.944,"96","768 GiB","Windows","EBS only","20 Gigabit"
"r5a.2xlarge",0.544,"8","64 GiB","Linux","EBS only","Up to 10 Gigabit"
"r5a.2xlarge",0.912,"8","64 GiB","Windows","EBS only","Up to 10 Gigabit"
"r5a.4xlarge",1.088,"16","128 GiB","Linux","EBS only","Up to 10 Gigabit"
"r5a.4xlarge",1.824,"16","128 GiB","Windows","EBS only","Up to 10 Gigabit"
"r5a.8xlarge",2.176,"32","256 GiB","Linux","EBS only","Up to 10 Gigabit"
"r5a.8xlarge",3.648,"32","256 GiB","Windows","EBS only","Up to 10 Gigabit"
"r5a.large",0.136,"2","16 GiB","Linux","EBS only","Up to 10 Gigabit"
"r5a.large",0.228,"2","16 GiB","Windows","EBS only","Up to 10 Gigabit"
"r5a.xlarge",0.272,"4","32 GiB","Linux","EBS only","Up to 10 Gigabit"
"r5a.xlarge",0.456,"4","32 GiB","Windows","EBS only","Up to 10 Gigabit"
"r5ad.12xlarge",3.792,"48","384 GiB","Linux","2 x 900 NVMe SSD","10 Gigabit"
"r5ad.12xlarge",6,"48","384 GiB","Windows","2 x 900 NVMe SSD","10 Gigabit"
"r5ad.16xlarge",5.056,"64","512 GiB","Linux","4 x 600 NVMe SSD","12 Gigabit"
"r5ad.16xlarge",8,"64","512 GiB","Windows","4 x 600 NVMe SSD","12 Gigabit"
"r5ad.24xlarge",7.584,"96","768 GiB","Linux","4 x 900 NVMe SSD","20 Gigabit"
"r5ad.24xlarge",12,"96","768 GiB","Windows","4 x 900 NVMe SSD","20 Gigabit"
"r5ad.2xlarge",0.632,"8","64 GiB","Linux","1 x 300 NVMe SSD","Up to 10 Gigabit"
"r5ad.2xlarge",1,"8","64 GiB","Windows","1 x 300 NVMe SSD","Up to 10 Gigabit"
"r5ad.4xlarge",1.264,"16","128 GiB","Linux","2 x 300 NVMe SSD","Up to 10 Gigabit"
"r5ad.4xlarge",2,"16","128 GiB","Windows","2 x 300 NVMe SSD","Up to 10 Gigabit"
"r5ad.8xlarge",2.528,"32","256 GiB","Linux","2 x 600 NVMe SSD","Up to 10 Gigabit"
"r5ad.8xlarge",4,"32","256 GiB","Windows","2 x 600 NVMe SSD","Up to 10 Gigabit"
"r5ad.large",0.158,"2","16 GiB","Linux","1 x 75 NVMe SSD","Up to 10 Gigabit"
"r5ad.large",0.25,"2","16 GiB","Windows","1 x 75 NVMe SSD","Up to 10 Gigabit"
"r5ad.xlarge",0.316,"4","32 GiB","Linux","1 x 150 NVMe SSD","Up to 10 Gigabit"
"r5ad.xlarge",0.5,"4","32 GiB","Windows","1 x 150 NVMe SSD","Up to 10 Gigabit"
"r5b.12xlarge",4.272,"48","384 GiB","Linux","EBS only","10 Gigabit"
"r5b.12xlarge",6.48,"48","384 GiB","Windows","EBS only","10 Gigabit"
"r5b.16xlarge",5.696,"64","512 GiB","Linux","EBS only","20 Gigabit"
"r5b.16xlarge",8.64,"64","512 GiB","Windows","EBS only","20 Gigabit"
"r5b.24xlarge",8.544,"96","768 GiB","Linux","EBS only","25 Gigabit"
"r5b.24xlarge",12.96,"96","768 GiB","Windows","EBS only","25 Gigabit"
"r5b.2xlarge",0.712,"8","64 GiB","Linux","EBS only","Up to 10 Gigabit"
"r5b.2xlarge",1.08,"8","64 GiB","Windows","EBS only","Up to 10 Gigabit"
"r5b.4xlarge",1.424,"16","128 GiB","Linux","EBS only","Up to 10 Gigabit"
"r5b.4xlarge",2.16,"16","128 GiB","Windows","EBS only","Up to 10 Gigabit"
"r5b.8xlarge",2.848,"32","256 GiB","Linux","EBS only","10 Gigabit"
"r5b.8xlarge",4.32,"32","256 GiB","Windows","EBS only","10 Gigabit"
"r5b.large",0.178,"2","16 GiB","Linux","EBS only","Up to 10 Gigabit"
"r5b.large",0.27,"2","16 GiB","Windows","EBS only","Up to 10 Gigabit"
"r5b.metal",8.544,"96","768 GiB","Linux","EBS only","25 Gigabit"
"r5b.metal",12.96,"96","768 GiB","Windows","EBS only","25 Gigabit"
"r5b.xlarge",0.356,"4","32 GiB","Linux","EBS only","Up to 10 Gigabit"
"r5b.xlarge",0.54,"4","32 GiB","Windows","EBS only","Up to 10 Gigabit"
"r5d.12xlarge",4.152,"48","384 GiB","Linux","2 x 900 NVMe SSD","10 Gigabit"
"r5d.12xlarge",6.36,"48","384 GiB","Windows","2 x 900 NVMe SSD","10 Gigabit"
"r5d.16xlarge",5.536,"64","512 GiB","Linux","4 x 600 NVMe SSD","20 Gigabit"
"r5d.16xlarge",8.48,"64","512 GiB","Windows","4 x 600 NVMe SSD","20 Gigabit"
"r5d.24xlarge",8.304,"96","768 GiB","Linux","4 x 900 NVMe SSD","25 Gigabit"
"r5d.24xlarge",12.72,"96","768 GiB","Windows","4 x 900 NVMe SSD","25 Gigabit"
"r5d.2xlarge",0.692,"8","64 GiB","Linux","1 x 300 NVMe SSD","Up to 10 Gigabit"
"r5d.2xlarge",1.06,"8","64 GiB","Windows","1 x 300 NVMe SSD","Up to 10 Gigabit"
"r5d.4xlarge",1.384,"16","128 GiB","Linux","2 x 300 NVMe SSD","Up to 10 Gigabit"
"r5d.4xlarge",2.12,"16","128 GiB","Windows","2 x 300 NVMe SSD","Up to 10 Gigabit"
"r5d.8xlarge",2.768,"32","256 GiB","Linux","2 x 600 NVMe SSD","10 Gigabit"
"r5d.8xlarge",4.24,"32","256 GiB","Windows","2 x 600 NVMe SSD","10 Gigabit"
"r5d.large",0.173,"2","16 GiB","Linux","1 x 75 NVMe SSD","Up to 10 Gigabit"
"r5d.large",0.265,"2","16 GiB","Windows","1 x 75 NVMe SSD","Up to 10 Gigabit"
"r5d.metal",8.304,"96","768 GiB","Linux","4 x 900 NVMe SSD","25 Gigabit"
"r5d.metal",12.72,"96","768 GiB","Windows","4 x 900 NVMe SSD","25 Gigabit"
"r5d.xlarge",0.346,"4","32 GiB","Linux","1 x 150 NVMe SSD","Up to 10 Gigabit"
"r5d.xlarge",0.53,"4","32 GiB","Windows","1 x 150 NVMe SSD","Up to 10 Gigabit"
"r5dn.12xlarge",4.776,"48","384 GiB","Linux","2 x 900 GB NVMe SSD","50 Gigabit"
"r5dn.12xlarge",6.984,"48","384 GiB","Windows","2 x 900 GB NVMe SSD","50 Gigabit"
"r5dn.16xlarge",6.368,"64","512 GiB","Linux","4 x 600 NVMe SSD","75 Gigabit"
"r5dn.16xlarge",9.312,"64","512 GiB","Windows","4 x 600 NVMe SSD","75 Gigabit"
"r5dn.24xlarge",9.552,"96","768 GiB","Linux","4 x 900 NVMe SSD","100 Gigabit"
"r5dn.24xlarge",13.968,"96","768 GiB","Windows","4 x 900 NVMe SSD","100 Gigabit"
"r5dn.2xlarge",0.796,"8","64 GiB","Linux","1 x 300 NVMe SSD","Up to 25 Gigabit"
"r5dn.2xlarge",1.164,"8","64 GiB","Windows","1 x 300 NVMe SSD","Up to 25 Gigabit"
"r5dn.4xlarge",1.592,"16","128 GiB","Linux","2 x 300 NVMe SSD","Up to 25 Gigabit"
"r5dn.4xlarge",2.328,"16","128 GiB","Windows","2 x 300 NVMe SSD","Up to 25 Gigabit"
"r5dn.8xlarge",3.184,"32","256 GiB","Linux","2 x 600 NVMe SSD","25 Gigabit"
"r5dn.8xlarge",4.656,"32","256 GiB","Windows","2 x 600 NVMe SSD","25 Gigabit"
"r5dn.large",0.199,"2","16 GiB","Linux","1 x 75 NVMe SSD","Up to 25 Gigabit"
"r5dn.large",0.291,"2","16 GiB","Windows","1 x 75 NVMe SSD","Up to 25 Gigabit"
"r5dn.metal",9.552,"96","768 GiB","Linux","4 x 900 NVMe SSD","100 Gigabit"
"r5dn.metal",13.968,"96","768 GiB","Windows","4 x 900 NVMe SSD","100 Gigabit"
"r5dn.xlarge",0.398,"4","32 GiB","Linux","1 x 150 NVMe SSD","Up to 25 Gigabit"
"r5dn.xlarge",0.582,"4","32 GiB","Windows","1 x 150 NVMe SSD","Up to 25 Gigabit"
"r5n.12xlarge",4.272,"48","384 GiB","Linux","EBS only","50 Gigabit"
"r5n.12xlarge",6.48,"48","384 GiB","Windows","EBS only","50 Gigabit"
"r5n.16xlarge",5.696,"64","512 GiB","Linux","EBS only","75 Gigabit"
"r5n.16xlarge",8.64,"64","512 GiB","Windows","EBS only","75 Gigabit"
"r5n.24xlarge",8.544,"96","768 GiB","Linux","EBS only","100 Gigabit"
"r5n.24xlarge",12.96,"96","768 GiB","Windows","EBS only","100 Gigabit"
"r5n.2xlarge",0.712,"8","64 GiB","Linux","EBS only","Up to 25 Gigabit"
"r5n.2xlarge",1.08,"8","64 GiB","Windows","EBS only","Up to 25 Gigabit"
"r5n.4xlarge",1.424,"16","128 GiB","Linux","EBS only","Up to 25 Gigabit"
"r5n.4xlarge",2.16,"16","128 GiB","Windows","EBS only","Up to 25 Gigabit"
"r5n.8xlarge",2.848,"32","256 GiB","Linux","EBS only","25 Gigabit"
"r5n.8xlarge",4.32,"32","256 GiB","Windows","EBS only","25 Gigabit"
"r5n.large",0.178,"2","16 GiB","Linux","EBS only","Up to 25 Gigabit"
"r5n.large",0.27,"2","16 GiB","Windows","EBS only","Up to 25 Gigabit"
"r5n.metal",8.544,"96","768 GiB","Linux","EBS only","100 Gigabit"
"r5n.metal",12.96,"96","768 GiB","Windows","EBS only","100 Gigabit"
"r5n.xlarge",0.356,"4","32 GiB","Linux","EBS only","Up to 25 Gigabit"
"r5n.xlarge",0.54,"4","32 GiB","Windows","EBS only","Up to 25 Gigabit"
"r6g.12xlarge",2.928,"48","384 GiB","Linux","EBS only","20 Gigabit"
"r6g.16xlarge",3.904,"64","512 GiB","Linux","EBS only","25 Gigabit"
"r6g.2xlarge",0.488,"8","64 GiB","Linux","EBS only","Up to 10 Gigabit"
"r6g.4xlarge",0.976,"16","128 GiB","Linux","EBS only","Up to 10 Gigabit"
"r6g.8xlarge",1.952,"32","256 GiB","Linux","EBS only","10 Gigabit"
"r6g.large",0.122,"2","16 GiB","Linux","EBS only","Up to 10 Gigabit"
"r6g.medium",0.061,"1","8 GiB","Linux","EBS only","Up to 10 Gigabit"
"r6g.metal",3.904,"64","512 GiB","Linux","EBS only","25 Gigabit"
"r6g.xlarge",0.244,"4","32 GiB","Linux","EBS only","Up to 10 Gigabit"
"r6i.12xlarge",3.648,"48","384 GiB","Linux","EBS only","18750 Megabit"
"r6i.12xlarge",5.856,"48","384 GiB","Windows","EBS only","18750 Megabit"
"r6i.16xlarge",4.864,"64","512 GiB","Linux","EBS only","25000 Megabit"
"r6i.16xlarge",7.808,"64","512 GiB","Windows","EBS only","25000 Megabit"
"r6i.24xlarge",7.296,"96","768 GiB","Linux","EBS only","37500 Megabit"
"r6i.24xlarge",11.712,"96","768 GiB","Windows","EBS only","37500 Megabit"
"r6i.2xlarge",0.608,"8","64 GiB","Linux","EBS only","Up to 12500 Megabit"
"r6i.2xlarge",0.976,"8","64 GiB","Windows","EBS only","Up to 12500 Megabit"
"r6i.32xlarge",9.728,"128","1024 GiB","Linux","EBS only","50000 Megabit"
"r6i.32xlarge",15.616,"128","1024 GiB","Windows","EBS only","50000 Megabit"
"r6i.4xlarge",1.216,"16","128 GiB","Linux","EBS only","Up to 12500 Megabit"
"r6i.4xlarge",1.952,"16","128 GiB","Windows","EBS only","Up to 12500 Megabit"
"r6i.8xlarge",2.432,"32","256 GiB","Linux","EBS only","12500 Megabit"
"r6i.8xlarge",3.904,"32","256 GiB","Windows","EBS only","12500 Megabit"
"r6i.large",0.152,"2","16 GiB","Linux","EBS only","Up to 12500 Megabit"
"r6i.large",0.244,"2","16 GiB","Windows","EBS only","Up to 12500 Megabit"
"r6i.metal",9.728,"128","1024 GiB","Linux","EBS only","50000 Megabit"
"r6i.metal",15.616,"128","1024 GiB","Windows","EBS only","50000 Megabit"
"r6i.xlarge",0.304,"4","32 GiB","Linux","EBS only","Up to 12500 Megabit"
"r6i.xlarge",0.488,"4","32 GiB","Windows","EBS only","Up to 12500 Megabit"
"t2.2xlarge",0.4608,"8","32 GiB","Linux","EBS only","Moderate"
"t2.2xlarge",0.5228,"8","32 GiB","Windows","EBS only","Moderate"
"t2.large",0.1152,"2","8 GiB","Linux","EBS only","Low to Moderate"
"t2.large",0.1432,"2","8 GiB","Windows","EBS only","Low to Moderate"
"t2.medium",0.0576,"2","4 GiB","Linux","EBS only","Low to Moderate"
"t2.medium",0.0756,"2","4 GiB","Windows","EBS only","Low to Moderate"
"t2.micro",0.0144,"1","1 GiB","Linux","EBS only","Low to Moderate"
"t2.micro",0.019,"1","1 GiB","Windows","EBS only","Low to Moderate"
"t2.nano",0.0072,"1","0.5 GiB","Linux","EBS only","Low"
"t2.nano",0.0095,"1","0.5 GiB","Windows","EBS only","Low"
"t2.small",0.0288,"1","2 GiB","Linux","EBS only","Low to Moderate"
"t2.small",0.038,"1","2 GiB","Windows","EBS only","Low to Moderate"
"t2.xlarge",0.2304,"4","16 GiB","Linux","EBS only","Moderate"
"t2.xlarge",0.2714,"4","16 GiB","Windows","EBS only","Moderate"
"t3.2xlarge",0.416,"8","32 GiB","Linux","EBS only","Up to 5 Gigabit"
"t3.2xlarge",0.5632,"8","32 GiB","Windows","EBS only","Up to 5 Gigabit"
"t3.large",0.104,"2","8 GiB","Linux","EBS only","Up to 5 Gigabit"
"t3.large",0.1316,"2","8 GiB","Windows","EBS only","Up to 5 Gigabit"
"t3.medium",0.052,"2","4 GiB","Linux","EBS only","Up to 5 Gigabit"
"t3.medium",0.0704,"2","4 GiB","Windows","EBS only","Up to 5 Gigabit"
"t3.micro",0.013,"2","1 GiB","Linux","EBS only","Up to 5 Gigabit"
"t3.micro",0.0222,"2","1 GiB","Windows","EBS only","Up to 5 Gigabit"
"t3.nano",0.0065,"2","0.5 GiB","Linux","EBS only","Up to 5 Gigabit"
"t3.nano",0.0111,"2","0.5 GiB","Windows","EBS only","Up to 5 Gigabit"
"t3.small",0.026,"2","2 GiB","Linux","EBS only","Up to 5 Gigabit"
"t3.small",0.0444,"2","2 GiB","Windows","EBS only","Up to 5 Gigabit"
"t3.xlarge",0.208,"4","16 GiB","Linux","EBS only","Up to 5 Gigabit"
"t3.xlarge",0.2816,"4","16 GiB","Windows","EBS only","Up to 5 Gigabit"
"t3a.2xlarge",0.3744,"8","32 GiB","Linux","EBS only","Up to 5 Gigabit"
"t3a.2xlarge",0.5216,"8","32 GiB","Windows","EBS only","Up to 5 Gigabit"
"t3a.large",0.0936,"2","8 GiB","Linux","EBS only","Up to 5 Gigabit"
"t3a.large",0.1212,"2","8 GiB","Windows","EBS only","Up to 5 Gigabit"
"t3a.medium",0.0468,"2","4 GiB","Linux","EBS only","Up to 5 Gigabit"
"t3a.medium",0.0652,"2","4 GiB","Windows","EBS only","Up to 5 Gigabit"
"t3a.micro",0.0117,"2","1 GiB","Linux","EBS only","Up to 5 Gigabit"
"t3a.micro",0.0209,"2","1 GiB","Windows","EBS only","Up to 5 Gigabit"
"t3a.nano",0.0059,"2","0.5 GiB","Linux","EBS only","Up to 5 Gigabit"
"t3a.nano",0.0105,"2","0.5 GiB","Windows","EBS only","Up to 5 Gigabit"
"t3a.small",0.0234,"2","2 GiB","Linux","EBS only","Up to 5 Gigabit"
"t3a.small",0.0418,"2","2 GiB","Windows","EBS only","Up to 5 Gigabit"
"t3a.xlarge",0.1872,"4","16 GiB","Linux","EBS only","Up to 5 Gigabit"
"t3a.xlarge",0.2608,"4","16 GiB","Windows","EBS only","Up to 5 Gigabit"
"t4g.2xlarge",0.3328,"8","32 GiB","Linux","EBS only","Up to 5 Gigabit"
"t4g.large",0.0832,"2","8 GiB","Linux","EBS only","Up to 5 Gigabit"
"t4g.medium",0.0416,"2","4 GiB","Linux","EBS only","Up to 5 Gigabit"
"t4g.micro",0.0104,"2","1 GiB","Linux","EBS only","Up to 5 Gigabit"
"t4g.nano",0.0052,"2","0.5 GiB","Linux","EBS only","Up to 5 Gigabit"
"t4g.small",0.0208,"2","2 GiB","Linux","EBS only","Up to 5 Gigabit"
"t4g.xlarge",0.1664,"4","16 GiB","Linux","EBS only","Up to 5 Gigabit"
"u-6tb1.112xlarge",65.867,"448","6144 GiB","Linux","EBS only","100 Gigabit"
"u-6tb1.112xlarge",86.475,"448","6144 GiB","Windows","EBS only","100 Gigabit"
"u-6tb1.56xlarge",55.9796,"224","6144 GiB","Linux","EBS only","100 Gigabit"
"u-6tb1.56xlarge",66.2836,"224","6144 GiB","Windows","EBS only","100 Gigabit"
"x1.16xlarge",9.671,"64","976 GiB","Linux","1 x 1920 SSD","High"
"x1.16xlarge",12.615,"64","976 GiB","Windows","1 x 1920 SSD","High"
"x1.32xlarge",19.341,"128","1952 GiB","Linux","2 x 1920 SSD","High"
"x1.32xlarge",25.229,"128","1952 GiB","Windows","2 x 1920 SSD","High"
"x1e.16xlarge",19.344,"64","1952 GiB","Linux","1 x 1920 SSD","10 Gigabit"
"x1e.16xlarge",22.288,"64","1952 GiB","Windows","1 x 1920 SSD","10 Gigabit"
"x1e.2xlarge",2.418,"8","244 GiB","Linux","1 x 240 SSD","Up to 10 Gigabit"
"x1e.2xlarge",2.786,"8","244 GiB","Windows","1 x 240 SSD","Up to 10 Gigabit"
"x1e.32xlarge",38.688,"128","3904 GiB","Linux","2 x 1920 SSD","25 Gigabit"
"x1e.32xlarge",44.576,"128","3904 GiB","Windows","2 x 1920 SSD","25 Gigabit"
"x1e.4xlarge",4.836,"16","488 GiB","Linux","1 x 480 SSD","Up to 10 Gigabit"
"x1e.4xlarge",5.572,"16","488 GiB","Windows","1 x 480 SSD","Up to 10 Gigabit"
"x1e.8xlarge",9.672,"32","976 GiB","Linux","1 x 960 SSD","Up to 10 Gigabit"
"x1e.8xlarge",11.144,"32","976 GiB","Windows","1 x 960 SSD","Up to 10 Gigabit"
"x1e.xlarge",1.209,"4","122 GiB","Linux","1 x 120 SSD","Up to 10 Gigabit"
"x1e.xlarge",1.393,"4","122 GiB","Windows","1 x 120 SSD","Up to 10 Gigabit"
"x2idn.16xlarge",9.6705,"64","1024 GiB","Linux","1 x 1900 NVMe SSD","50 Gigabit"
"x2idn.16xlarge",12.6145,"64","1024 GiB","Windows","1 x 1900 NVMe SSD","50 Gigabit"
"x2idn.24xlarge",14.50575,"96","1536 GiB","Linux","2 x 1425 NVMe SSD","75 Gigabit"
"x2idn.24xlarge",18.92175,"96","1536 GiB","Windows","2 x 1425 NVMe SSD","75 Gigabit"
"x2idn.32xlarge",19.341,"128","2048 GiB","Linux","2 x 1900 NVMe SSD","100 Gigabit"
"x2idn.32xlarge",25.229,"128","2048 GiB","Windows","2 x 1900 NVMe SSD","100 Gigabit"
"x2idn.metal",19.341,"128","2048 GiB","Linux","2 x 1900 NVMe SSD","100 Gigabit"
"x2idn.metal",25.229,"128","2048 GiB","Windows","2 x 1900 NVMe SSD","100 Gigabit"
"x2iedn.16xlarge",19.341,"64","2048 GiB","Linux","1 x 1900 NVMe SSD","50 Gigabit"
"x2iedn.16xlarge",22.285,"64","2048 GiB","Windows","1 x 1900 NVMe SSD","50 Gigabit"
"x2iedn.24xlarge",29.0115,"96","3072 GiB","Linux","2 x 1425 NVMe SSD","75 Gigabit"
"x2iedn.24xlarge",33.4275,"96","3072 GiB","Windows","2 x 1425 NVMe SSD","75 Gigabit"
"x2iedn.2xlarge",2.41763,"8","256 GiB","Linux","1 x 237 NVMe SSD","Up to 25 Gigabit"
"x2iedn.2xlarge",2.78563,"8","256 GiB","Windows","1 x 237 NVMe SSD","Up to 25 Gigabit"
"x2iedn.32xlarge",38.682,"128","4096 GiB","Linux","2 x 1900 NVMe SSD","100 Gigabit"
"x2iedn.32xlarge",44.57,"128","4096 GiB","Windows","2 x 1900 NVMe SSD","100 Gigabit"
"x2iedn.4xlarge",4.83525,"16","512 GiB","Linux","1 x 475 NVMe SSD","Up to 25 Gigabit"
"x2iedn.4xlarge",5.57125,"16","512 GiB","Windows","1 x 475 NVMe SSD","Up to 25 Gigabit"
"x2iedn.8xlarge",9.6705,"32","1024 GiB","Linux","1 x 950 NVMe SSD","25 Gigabit"
"x2iedn.8xlarge",11.1425,"32","1024 GiB","Windows","1 x 950 NVMe SSD","25 Gigabit"
"x2iedn.metal",38.682,"128","4096 GiB","Linux","2 x 1900 NVMe SSD","100 Gigabit"
"x2iedn.metal",44.57,"128","4096 GiB","Windows","2 x 1900 NVMe SSD","100 Gigabit"
"x2iedn.xlarge",1.20881,"4","128 GiB","Linux","1 x 118 NVMe SSD","Up to 25 Gigabit"
"x2iedn.xlarge",1.39281,"4","128 GiB","Windows","1 x 118 NVMe SSD","Up to 25 Gigabit"
"z1d.12xlarge",5.4,"48","384 GiB","Linux","2 x 900 NVMe SSD","25 Gigabit"
"z1d.12xlarge",7.608,"48","384 GiB","Windows","2 x 900 NVMe SSD","25 Gigabit"
"z1d.2xlarge",0.9,"8","64 GiB","Linux","1 x 300 NVMe SSD","Up to 10 Gigabit"
"z1d.2xlarge",1.268,"8","64 GiB","Windows","1 x 300 NVMe SSD","Up to 10 Gigabit"
"z1d.3xlarge",1.35,"12","96 GiB","Linux","1 x 450 NVMe SSD","Up to 10 Gigabit"
"z1d.3xlarge",1.902,"12","96 GiB","Windows","1 x 450 NVMe SSD","Up to 10 Gigabit"
"z1d.6xlarge",2.7,"24","192 GiB","Linux","1 x 900 NVMe SSD","10 Gigabit"
"z1d.6xlarge",3.804,"24","192 GiB","Windows","1 x 900 NVMe SSD","10 Gigabit"
"z1d.large",0.225,"2","16 GiB","Linux","1 x 75 NVMe SSD","Up to 10 Gigabit"
"z1d.large",0.317,"2","16 GiB","Windows","1 x 75 NVMe SSD","Up to 10 Gigabit"
"z1d.metal",5.4,"48","384 GiB","Linux","2 x 900 NVMe SSD","25 Gigabit"
"z1d.metal",7.608,"48","384 GiB","Windows","2 x 900 NVMe SSD","25 Gigabit"
"z1d.xlarge",0.45,"4","32 GiB","Linux","1 x 150 NVMe SSD","Up to 10 Gigabit"
"z1d.xlarge",0.634,"4","32 GiB","Windows","1 x 150 NVMe SSD","Up to 10 Gigabit"
